{
  "slider": [
    {
      "id": 4,
      "name": "Miss Claire Make Up Palette 9937 (Make Up Kit)",
      "star": [1, 1, 1, 1, 0],
      "price": 911,
      "image": "https://www.beautybebo.com/pub/media/catalog/product/cache/37253e89591b79b38c00254331932999/u/n/untitled-1_9_2.jpg",
      "brand": "Missclaire",
      "category": "Face",
      "random": 4
    },
    {
      "id": 20,
      "name": "L'Oreal Paris Aishwarya's Rouge Lip & Lash Look",
      "star": [1, 1, 1, 1, 0],
      "price": 1304,
      "image": "https://www.beautybebo.com/pub/media/catalog/product/cache/37253e89591b79b38c00254331932999/1/_/1_119.jpg",
      "brand": "LorealParis",
      "category": "Lips",
      "random": 1
    },
    {
      "id": 34,
      "name": "Lakme 9to5 Long Wear Nail Color",
      "star": [1, 1, 1, 0, 0],
      "price": 187,
      "image": "https://www.beautybebo.com/pub/media/catalog/product/cache/37253e89591b79b38c00254331932999/1/n/1nail_color.jpg",
      "brand": "Lakme",
      "category": "Nail",
      "random": 4
    },
    {
      "id": 40,
      "name": "Swiss Beauty Shimmer Brick Highlighter - 2",
      "star": [1, 0, 0, 0, 0],
      "price": 660,
      "image": "https://www.beautybebo.com/pub/media/catalog/product/cache/37253e89591b79b38c00254331932999/s/w/sw96.jpg",
      "brand": "Swiss Beauty",
      "category": "Face",
      "random": 1
    },
    {
      "id": 47,
      "name": "Mamaearth Castor Oil 100% Pure Cold Pressed For Skin,",
      "star": [1, 1, 1, 0, 0],
      "price": 299,
      "image": "https://www.beautybebo.com/pub/media/catalog/product/cache/37253e89591b79b38c00254331932999/s/k/skin_hair_nails2.jpg",
      "brand": "Mamaearth",
      "category": "Nail",
      "random": 3
    },
    {
      "id": 53,
      "name": "Ponds White Beauty Anti Spot Fairness Cream SPF 15",
      "star": [1, 1, 1, 1, 1],
      "price": 240,
      "image": "https://www.beautybebo.com/pub/media/catalog/product/cache/37253e89591b79b38c00254331932999/n/3/n3.jpg",
      "brand": "Ponds",
      "category": "Face",
      "random": 4
    },
    {
      "id": 70,
      "name": "Faces Canada Nail Care Combo",
      "star": [1, 0, 0, 0, 0],
      "price": 275,
      "image": "https://www.beautybebo.com/pub/media/catalog/product/cache/37253e89591b79b38c00254331932999/f/a/faces_canada_nail_care_combo.jpg",
      "brand": "Other",
      "category": "Nail",
      "random": 1
    },
    {
      "id": 71,
      "name": "Kay Beauty Chubby Cosmetic Sharpener",
      "star": [1, 1, 1, 1, 0],
      "price": 207,
      "image": "https://www.beautybebo.com/pub/media/catalog/product/cache/37253e89591b79b38c00254331932999/1/_/1_65.jpg",
      "brand": "Other",
      "category": "Brushes",
      "random": 1
    }
  ],
  "navbar": {
    "data": [
      {
        "heading": "MAKEUP",
        "path": "/makeup",
        "category": ["Face", "Eye", "Lips", "Nails", "Tools & Brush"],
        "subData": [
          {
            "title": "FACE",
            "list": [
              "BB Cream",
              "Blush",
              "Bronzer",
              "CC Cream",
              "Contour",
              "Concealer",
              "Compact & Powder",
              "Face Primer",
              "Foundation",
              "Highlighters",
              "Loose Powder",
              "Makeup Kits",
              "Makeup Remover",
              "Setting: Spray"
            ]
          },
          {
            "title": "EYE",
            "list": [
              "Contact Lenses",
              "Eye Kit",
              "Eyeliner",
              "Eye Shadow",
              "Eye Primer",
              "Eye-Palettes",
              "Eye Makeup Remover",
              "Eye Brow Enhancers",
              "False Eyelashes",
              "Kajal",
              "Mascara",
              "Under Eye Concealer"
            ]
          },
          {
            "title": "LIPS",
            "list": ["Lipstick", "Liquid Lipstick", "Lip Liner", "Lip Gloss", "Lip Balm", "Lip Crayon", "Lip Stain", "Lip Plumper"]
          },
          {
            "title": "NAILS",
            "list": ["Manicure & Pedicure Kits", "Nail Polish", "Nail Care", "Nail Polish Sets", "Nail Art Kits", "Nail Polish Remover"]
          },
          {
            "title": "TOOLS BRUSHES",
            "list": ["Blush Brush", "Eyelash Curlers", "Eye Brush", "Face Brush", "Lip Brush", "Makeup Pouches", "Mirrors", "Sponges & Applicators", "Sharpeners", "Tweezers"]
          }
        ]
      },
      {
        "heading": "SKIN",
        "path": "/skin",
        "category": ["Eye Care", "Face Care,Body Care"],
        "subData": [
          {
            "title": "EYE CARE",
            "list": ["Dark Circles", "Eye Contour Care", "Eye Cream", "Eye Masks", "Eye Serums", "Puffiness", "Under Eye Creams", "Under Eye Wrinkles"]
          },
          {
            "title": "FACE CARE",
            "list": [
              "Anti- Ageing Creams",
              "Bleach Creams",
              "Brightening Cream",
              "Face Wash",
              "Facial Wipes",
              "Face Oil",
              "Face Cleansers",
              "Facial Kits",
              "Face Tools",
              "Moisturizer",
              "Mask & Peels",
              "Serum",
              "Toner & Astringents",
              "Cleansing Creams"
            ]
          },
          {
            "title": "BODY CARE",
            "list": [
              "All Cream",
              "Body Moisturizers",
              "Body Toners",
              "Body Sun Care",
              "Brightening Lotion",
              "Dark Circles & Wrinkles",
              "Day Cream",
              "Foot Cream",
              "Hair Remover Cream",
              "Hand Creams",
              "Hands & Feet",
              "Kits & Combos",
              "Night Cream",
              "Neck Creams"
            ]
          }
        ],
        "image": "https://www.beautybebo.com/pub/media/mega-menu/SKIN_cATA.jpg"
      },
      {
        "heading": "HAIR",
        "path": "/hair",
        "category":["Hair Care","Hair Loss"],
        "subData": [
          {
            "title": "HAIR CARE",
            "list": [
              "Color Protection",
              "Dandruff",
              "Dry Shampoo",
              "Gels & Waxes",
              "Hair Spray",
              "Hair Color/ Dye",
              "Hair Creams & Masks",
              "Hair Styling",
              "Hairfall & Thinning",
              "Straighteners"
            ]
          },
          {
            "title": "HAIR LOSS",
            "list": ["Conditioner", "Hair Oil", "Hair Serum", "Hair Growth Solutions", "Shampoo"]
          }
        ],
        "image": "https://www.beautybebo.com/pub/media/mega-menu/hair_cata.jpg"
      },
      {
        "heading": "PERSONAL",
        "path": "/personal",
        "category":["Bath & Body","Bathing Accessories","Bath & Shower"],
        "subData": [
          {
            "title": "BATH & BODY",
            "list": ["Body Cleansers", "Body Massage Oil", "Body Wash", "Creams", "Essential Oils", "Foot Cream", "Scrubs & Exfoliants", "Ubtan & Face Packs"]
          },
          {
            "title": "BATHING ACCESSORIES",
            "list": ["Bath Brushes", "Loofahs", "Shower Caps", "Sponges"]
          },
          {
            "title": "BATH & SHOWER",
            "list": ["Body Soaps", "Shower Gel"]
          }
        ],
        "image": "https://www.beautybebo.com/pub/media/mega-menu/personal_cata.jpg"
      },
      {
        "heading": "MOM & BABY",
        "path": "/momandbaby",
        "category":["Baby Care","Mom Care"],
        "subData": [
          {
            "title": "BABY CARE",
            "list": ["Bath Time", "Diapers", "Lotions & Creams", "Oils", "Powder", "Shampoo", "Soaps", "Sterilizer & Cleaners", "Rash Cream", "Wipes"]
          },
          {
            "title": "MOM CARE",
            "list": ["Lotions & Creams", "Personal Care"]
          }
        ],
        "image": "https://www.beautybebo.com/pub/media/mega-menu/mom_baby_cata.jpg"
      },
      {
        "heading": "AYURVEDA",
        "path": "/ayurveda",
        "category":["Natural Skin Care","Natural Hair Care"],
        "subData": [
          {
            "title": "NATURAL SKIN CARE",
            "list": ["Body Wash", "Body Lotion", "Cleansers", "Cream", "Eye Care", "Face Wash", "Gel", "Lip Care", "Mask", "Pack", "Scrub", "Sun Protection"]
          },
          {
            "title": "NATURAL HAIR CARE",
            "list": ["Conditioner", "HairOils", "HairSerum", "HairGel", "Shampoo"]
          }
        ],
        "image": "https://www.beautybebo.com/pub/media/mega-menu/ayurveda_cata.jpg"
      }
    ]
  },
  "footer": {
    "data": [
      {
        "title": "CONTACT INFO",
        "list": ["(+91) 7877061041", "sales@glamazon.com", "Open: 10:00AM-7:00PM"]
      },
      {
        "title": "QUICK LINKS",
        "list": ["About us", "Contact Us", "Terms & Conditions", "Privacy Policy", "Return and Refund Policy", "Shipping Policy"]
      },
      {
        "title": "CUSTOMER INFO",
        "list": ["My Account", "Track your Order", "Order Returns", "Wishlist", "News & Events", "FAQ"]
      },
      {
        "title": "CATEGORIES",
        "list": ["Makeup", "Skin", "Hair", "Personal Care", "Mom & Baby Care", "Fragrance", "Ayurveda"]
      }
    ]
  }
}
